"Symbol","Series","Date","Prev Close","Open Price","High Price","Low Price","Last Price","Close Price","Average Price","Total Traded Quantity","Turnover","No. of Trades"
"ICICIBANK","EQ","12-Aug-2016","        242.70","        243.50","        247.60","        241.20","        245.10","        245.95","        245.10","   10661351","          2613043906.15","      70337"
"ICICIBANK","EQ","16-Aug-2016","        245.95","        246.00","        249.45","        243.85","        247.55","        248.55","        247.23","   11919568","          2946846245.05","      83064"
"ICICIBANK","EQ","17-Aug-2016","        248.55","        248.10","        251.60","        245.20","        247.00","        247.60","        248.47","   11704650","          2908263415.85","      82947"
"ICICIBANK","EQ","18-Aug-2016","        247.60","        247.85","        253.80","        247.75","        252.50","        252.90","        252.15","   18841208","          4750770539.10","      99475"
"ICICIBANK","EQ","19-Aug-2016","        252.90","        253.00","        255.70","        251.55","        253.90","        253.90","        254.03","   13199558","          3353134014.05","     120047"
"ICICIBANK","EQ","22-Aug-2016","        253.90","        254.25","        254.95","        248.70","        252.50","        252.25","        252.05","    8251675","          2079849627.85","      70598"
"ICICIBANK","EQ","23-Aug-2016","        252.25","        250.45","        252.00","        248.75","        250.25","        250.20","        250.09","    9996201","          2499915170.65","      57900"
"ICICIBANK","EQ","24-Aug-2016","        250.20","        250.20","        251.70","        247.85","        248.25","        248.45","        249.74","    8389418","          2095153849.10","      66258"
"ICICIBANK","EQ","25-Aug-2016","        248.45","        247.95","        250.20","        246.10","        247.00","        246.95","        248.20","   13546690","          3362351261.35","      78509"
"ICICIBANK","EQ","26-Aug-2016","        246.95","        248.20","        248.80","        243.20","        245.75","        245.30","        245.73","   10445840","          2566813443.10","      72754"
"ICICIBANK","EQ","29-Aug-2016","        245.30","        245.00","        252.65","        244.60","        250.50","        250.50","        247.63","    8369603","          2072553899.35","      84036"
"ICICIBANK","EQ","30-Aug-2016","        250.50","        252.00","        256.90","        252.00","        255.90","        256.25","        255.22","   13864560","          3538507148.50","     120084"
"ICICIBANK","EQ","31-Aug-2016","        256.25","        257.10","        260.85","        257.00","        257.85","        258.00","        258.79","   15369111","          3977318530.00","     151746"
"ICICIBANK","EQ","01-Sep-2016","        258.00","        258.75","        264.00","        258.75","        261.10","        260.95","        261.78","   16453500","          4307153412.05","     104259"
"ICICIBANK","EQ","02-Sep-2016","        260.95","        262.50","        264.30","        260.25","        261.65","        261.30","        261.91","    7303642","          1912868045.05","      51072"
"ICICIBANK","EQ","06-Sep-2016","        261.30","        262.70","        273.90","        262.70","        272.40","        272.70","        269.11","   21158220","          5693836841.95","     142266"
"ICICIBANK","EQ","07-Sep-2016","        272.70","        274.00","        283.75","        272.15","        278.00","        278.15","        277.76","   32162895","          8933514550.75","     227167"
"ICICIBANK","EQ","08-Sep-2016","        278.15","        278.60","        280.70","        275.55","        276.50","        276.35","        278.28","   11924069","          3318229289.45","     105946"
"ICICIBANK","EQ","09-Sep-2016","        276.35","        274.55","        276.00","        270.10","        274.00","        274.10","        273.29","   15136252","          4136581700.30","      84557"
"ICICIBANK","EQ","12-Sep-2016","        274.10","        267.00","        269.45","        262.70","        267.85","        268.20","        267.06","   18743066","          5005529291.55","     111201"
"ICICIBANK","EQ","14-Sep-2016","        268.20","        266.70","        273.80","        266.35","        271.85","        271.45","        271.36","   15279813","          4146320647.70","     108921"
"ICICIBANK","EQ","15-Sep-2016","        271.45","        271.70","        273.75","        268.20","        270.50","        270.60","        270.01","   11032157","          2978799303.85","      85920"
"ICICIBANK","EQ","16-Sep-2016","        270.60","        271.75","        275.60","        266.30","        267.90","        267.35","        270.34","   29959544","          8099408333.65","     124794"
"ICICIBANK","EQ","19-Sep-2016","        267.35","        268.00","        272.40","        267.80","        271.85","        271.60","        271.21","   13767636","          3733887555.80","      90312"
"ICICIBANK","EQ","20-Sep-2016","        271.60","        271.90","        274.20","        269.35","        272.50","        272.10","        271.67","   10027634","          2724223147.05","      76644"
"ICICIBANK","EQ","21-Sep-2016","        272.10","        272.80","        273.00","        266.95","        270.00","        269.90","        270.18","   11578862","          3128421884.00","      55080"
"ICICIBANK","EQ","22-Sep-2016","        269.90","        276.00","        277.90","        272.30","        275.05","        275.50","        275.17","   13532986","          3723877277.70","      86239"
"ICICIBANK","EQ","23-Sep-2016","        275.50","        275.80","        275.85","        269.90","        271.15","        271.25","        272.83","   16343247","          4458891912.80","      84233"
"ICICIBANK","EQ","26-Sep-2016","        271.25","        268.50","        268.70","        261.80","        263.00","        262.55","        264.20","   14426187","          3811438475.80","     123618"
"ICICIBANK","EQ","27-Sep-2016","        262.55","        263.55","        264.30","        259.00","        260.35","        260.00","        260.88","   15778949","          4116409500.50","     102972"
"ICICIBANK","EQ","28-Sep-2016","        260.00","        260.40","        262.45","        259.05","        260.80","        260.75","        260.90","   16256169","          4241237531.35","      65659"
"ICICIBANK","EQ","29-Sep-2016","        260.75","        263.00","        263.50","        243.30","        251.95","        250.35","        252.40","   43764238","         11046293094.40","     162543"
"ICICIBANK","EQ","30-Sep-2016","        250.35","        248.05","        253.30","        246.95","        252.40","        252.15","        251.00","   13731746","          3446623028.65","     104990"
"ICICIBANK","EQ","03-Oct-2016","        252.15","        251.00","        256.90","        250.10","        256.45","        256.15","        253.81","   16420289","          4167689699.15","     102051"
"ICICIBANK","EQ","04-Oct-2016","        256.15","        256.85","        259.95","        254.90","        258.30","        258.20","        257.29","   14728477","          3789508052.30","      75507"
"ICICIBANK","EQ","05-Oct-2016","        258.20","        259.95","        260.60","        254.60","        255.40","        255.45","        256.77","   14581438","          3744105054.85","      61994"
"ICICIBANK","EQ","06-Oct-2016","        255.45","        257.00","        257.05","        249.20","        252.25","        251.25","        252.65","   12594971","          3182074231.95","      79064"
"ICICIBANK","EQ","07-Oct-2016","        251.25","        250.90","        253.90","        248.20","        251.00","        250.60","        250.64","    9551571","          2394021292.50","      57141"
"ICICIBANK","EQ","10-Oct-2016","        250.60","        251.90","        253.20","        249.15","        250.80","        250.10","        250.96","    6010192","          1508294889.15","      33865"
"ICICIBANK","EQ","13-Oct-2016","        250.10","        247.80","        248.40","        239.10","        241.60","        241.15","        242.59","   18851638","          4573311083.15","     155573"
"ICICIBANK","EQ","14-Oct-2016","        241.15","        241.20","        243.00","        239.70","        242.50","        241.75","        241.64","    9783482","          2364033121.00","      70094"
"ICICIBANK","EQ","17-Oct-2016","        241.75","        246.00","        259.90","        245.55","        259.15","        258.75","        256.07","   62802218","         16081519358.05","     268212"
"ICICIBANK","EQ","18-Oct-2016","        258.75","        259.55","        271.40","        259.50","        269.20","        270.35","        266.13","   38056096","         10128022347.65","     176814"
"ICICIBANK","EQ","19-Oct-2016","        270.35","        271.35","        271.70","        263.25","        265.15","        265.05","        266.07","   18153418","          4830033756.25","     128612"
"ICICIBANK","EQ","20-Oct-2016","        265.05","        267.15","        278.90","        267.15","        277.50","        277.60","        275.90","   32981980","          9099608244.85","     170571"
"ICICIBANK","EQ","21-Oct-2016","        277.60","        276.25","        280.05","        274.10","        277.95","        277.40","        276.73","   23966252","          6632090780.45","     107589"
"ICICIBANK","EQ","24-Oct-2016","        277.40","        279.15","        286.45","        279.15","        284.50","        284.55","        284.67","   20199480","          5750277266.25","     110433"
"ICICIBANK","EQ","25-Oct-2016","        284.55","        289.20","        291.60","        284.60","        290.30","        289.25","        287.76","   22809701","          6563738125.90","     150750"
"ICICIBANK","EQ","26-Oct-2016","        289.25","        284.45","        284.45","        277.00","        278.65","        278.40","        280.46","   27288854","          7653314003.30","     127700"
"ICICIBANK","EQ","27-Oct-2016","        278.40","        277.40","        285.00","        275.00","        283.75","        284.30","        279.91","   18061843","          5055646898.95","      94677"
"ICICIBANK","EQ","28-Oct-2016","        284.30","        282.00","        282.50","        275.55","        277.20","        276.85","        278.71","   16649205","          4640252324.35","      92404"
"ICICIBANK","EQ","30-Oct-2016","        276.85","        278.80","        279.40","        275.60","        276.85","        277.05","        277.76","    1752296","           486726053.65","      14791"
"ICICIBANK","EQ","01-Nov-2016","        277.05","        279.45","        279.75","        274.50","        275.00","        275.35","        277.24","   10613914","          2942588403.45","      74885"
"ICICIBANK","EQ","02-Nov-2016","        275.35","        270.00","        273.25","        268.75","        272.90","        271.90","        270.78","   13764234","          3727023840.40","      88866"
"ICICIBANK","EQ","03-Nov-2016","        271.90","        272.00","        276.40","        268.40","        269.60","        269.75","        271.77","   11349716","          3084556392.60","      69718"
"ICICIBANK","EQ","04-Nov-2016","        269.75","        271.90","        272.50","        265.35","        271.85","        269.80","        269.62","   14874085","          4010417675.85","      87306"
"ICICIBANK","EQ","07-Nov-2016","        269.80","        275.80","        281.20","        272.50","        278.25","        278.70","        277.21","   17037286","          4722989739.25","     115546"
"ICICIBANK","EQ","08-Nov-2016","        278.70","        285.80","        287.45","        278.25","        283.40","        283.20","        282.80","   31957956","          9037625699.75","     164298"
"ICICIBANK","EQ","09-Nov-2016","        283.20","        254.90","        284.75","        245.00","        282.50","        281.45","        271.33","   46413698","         12593351106.55","     253263"
"ICICIBANK","EQ","10-Nov-2016","        281.45","        288.50","        298.40","        286.70","        293.15","        292.60","        292.67","   26488623","          7752377329.70","     177844"
"ICICIBANK","EQ","11-Nov-2016","        292.60","        287.25","        294.25","        274.50","        278.00","        276.40","        281.76","   30033321","          8462204705.35","     145877"
"ICICIBANK","EQ","15-Nov-2016","        276.40","        277.00","        280.80","        266.15","        270.65","        269.75","        272.66","   34510441","          9409555949.05","     203631"
"ICICIBANK","EQ","16-Nov-2016","        269.75","        276.60","        278.20","        264.20","        266.50","        266.20","        270.90","   24066530","          6519695230.10","     146265"
"ICICIBANK","EQ","17-Nov-2016","        266.20","        267.95","        270.65","        264.00","        268.20","        267.65","        268.20","   13321903","          3572979502.30","     121195"
"ICICIBANK","EQ","18-Nov-2016","        267.65","        268.45","        269.00","        262.30","        263.60","        264.60","        265.86","    9076303","          2413032749.55","      81319"
"ICICIBANK","EQ","21-Nov-2016","        264.60","        266.20","        267.00","        254.85","        260.30","        261.20","        260.15","   19659835","          5114528852.30","     135544"
"ICICIBANK","EQ","22-Nov-2016","        261.20","        265.00","        266.60","        259.30","        263.40","        262.70","        262.59","   21733444","          5706928967.05","     132887"
"ICICIBANK","EQ","23-Nov-2016","        262.70","        264.10","        265.85","        260.50","        265.00","        264.95","        263.10","   15595314","          4103161924.50","      92011"
"ICICIBANK","EQ","24-Nov-2016","        264.95","        263.80","        263.80","        258.00","        260.40","        259.30","        259.75","   20511964","          5328020290.45","     112737"
"ICICIBANK","EQ","25-Nov-2016","        259.30","        262.40","        262.40","        257.05","        260.30","        260.10","        258.74","   15101544","          3907337313.70","      99072"
"ICICIBANK","EQ","28-Nov-2016","        260.10","        256.65","        256.65","        253.50","        255.80","        255.30","        255.09","   29945199","          7638701601.50","     142788"
"ICICIBANK","EQ","29-Nov-2016","        255.30","        255.50","        259.40","        254.30","        256.15","        255.45","        256.36","   29390602","          7534685347.20","      99963"
"ICICIBANK","EQ","30-Nov-2016","        255.45","        257.45","        266.50","        255.95","        265.10","        265.55","        261.97","   18846449","          4937164605.90","     139392"
"ICICIBANK","EQ","01-Dec-2016","        265.55","        266.25","        268.00","        257.75","        259.55","        259.15","        261.07","   14356405","          3747985652.75","      77550"
"ICICIBANK","EQ","02-Dec-2016","        259.15","        258.00","        264.60","        255.85","        259.00","        259.50","        259.60","   11159405","          2896991375.15","      71128"
"ICICIBANK","EQ","05-Dec-2016","        259.50","        259.60","        261.40","        257.80","        260.70","        260.85","        259.60","    7550068","          1959977007.25","      64322"
"ICICIBANK","EQ","06-Dec-2016","        260.85","        262.25","        262.65","        259.55","        260.20","        261.00","        261.19","    7577438","          1979132134.05","      40298"
"ICICIBANK","EQ","07-Dec-2016","        261.00","        262.80","        264.40","        251.00","        260.00","        258.70","        259.78","   12396073","          3220220320.75","      88108"
"ICICIBANK","EQ","08-Dec-2016","        258.70","        260.55","        263.40","        258.40","        262.15","        262.75","        260.85","   10305682","          2688245110.90","      69911"
"ICICIBANK","EQ","09-Dec-2016","        262.75","        263.95","        269.80","        263.00","        267.60","        268.45","        265.90","   15939339","          4238264613.75","      81893"
"ICICIBANK","EQ","12-Dec-2016","        268.45","        267.50","        268.30","        263.85","        264.90","        264.85","        265.93","    6832669","          1817028223.70","      74818"
"ICICIBANK","EQ","13-Dec-2016","        264.85","        263.40","        265.35","        262.50","        264.15","        264.40","        263.98","    9332383","          2463573962.90","      67990"
"ICICIBANK","EQ","14-Dec-2016","        264.40","        264.50","        264.70","        260.00","        261.40","        260.55","        262.15","   13062743","          3424354924.30","     135629"
"ICICIBANK","EQ","15-Dec-2016","        260.55","        258.70","        261.70","        257.75","        260.30","        260.30","        259.84","   21899638","          5690483263.90","     107427"
"ICICIBANK","EQ","16-Dec-2016","        260.30","        260.00","        260.00","        254.85","        256.10","        255.60","        256.39","   22713015","          5823424282.35","     113440"
"ICICIBANK","EQ","19-Dec-2016","        255.60","        255.40","        258.95","        254.75","        256.80","        257.10","        257.39","    6743357","          1735695150.25","      51378"
"ICICIBANK","EQ","20-Dec-2016","        257.10","        256.70","        256.70","        250.25","        252.00","        251.60","        252.66","   10536392","          2662075012.85","      73034"
"ICICIBANK","EQ","21-Dec-2016","        251.60","        253.00","        255.35","        251.20","        253.10","        253.25","        253.66","    6987022","          1772338444.95","      58934"
"ICICIBANK","EQ","22-Dec-2016","        253.25","        252.70","        254.80","        250.65","        253.30","        252.95","        252.71","    8137700","          2056470089.05","      70504"
"ICICIBANK","EQ","23-Dec-2016","        252.95","        252.95","        254.75","        250.15","        252.15","        251.85","        252.89","    6302338","          1593775327.20","      61688"
"ICICIBANK","EQ","26-Dec-2016","        251.85","        252.25","        252.45","        247.10","        247.85","        248.15","        248.63","    6151958","          1529553389.60","      50525"
"ICICIBANK","EQ","27-Dec-2016","        248.15","        249.00","        254.35","        246.70","        253.60","        253.55","        250.48","    8267726","          2070868454.20","      59633"
"ICICIBANK","EQ","28-Dec-2016","        253.55","        254.00","        254.80","        251.05","        251.80","        251.75","        252.74","    8342572","          2108470008.70","      64513"
"ICICIBANK","EQ","29-Dec-2016","        251.75","        252.10","        253.00","        250.05","        251.40","        251.10","        251.21","    5799667","          1456910031.75","      40643"
"ICICIBANK","EQ","30-Dec-2016","        251.10","        252.00","        257.50","        251.35","        255.05","        255.30","        255.79","   10514365","          2689515597.00","      80156"
"ICICIBANK","EQ","02-Jan-2017","        255.30","        256.30","        256.30","        248.10","        252.25","        251.95","        251.46","    9458500","          2378417123.70","      61109"
"ICICIBANK","EQ","03-Jan-2017","        251.95","        252.10","        255.40","        249.30","        254.95","        254.40","        253.52","    9306097","          2359265976.90","      51222"
"ICICIBANK","EQ","04-Jan-2017","        254.40","        254.25","        255.75","        250.40","        250.95","        251.10","        253.04","    6273801","          1587528270.10","      44992"
"ICICIBANK","EQ","05-Jan-2017","        251.10","        253.20","        258.50","        252.20","        257.40","        257.25","        256.07","   12573335","          3219595417.75","      98021"
"ICICIBANK","EQ","06-Jan-2017","        257.25","        258.25","        261.40","        257.20","        258.10","        258.15","        259.13","    8231949","          2133131429.15","      56518"
"ICICIBANK","EQ","09-Jan-2017","        258.15","        257.90","        259.85","        256.00","        258.85","        258.70","        258.30","    7159359","          1849227468.30","      65924"
"ICICIBANK","EQ","10-Jan-2017","        258.70","        260.00","        261.90","        258.30","        260.70","        260.20","        260.18","   13440037","          3496822232.80","      91189"
"ICICIBANK","EQ","11-Jan-2017","        260.20","        262.50","        268.10","        261.60","        264.90","        264.70","        264.17","   17786981","          4698870615.95","      96690"
"ICICIBANK","EQ","12-Jan-2017","        264.70","        266.60","        269.50","        265.45","        268.50","        268.35","        267.87","   10646618","          2851908541.35","      86316"
"ICICIBANK","EQ","13-Jan-2017","        268.35","        270.00","        270.00","        264.80","        267.60","        268.05","        267.54","    7100341","          1899642214.75","      62386"
"ICICIBANK","EQ","16-Jan-2017","        268.05","        267.40","        270.85","        264.80","        269.35","        269.30","        268.26","    8057888","          2161596020.95","      63343"
"ICICIBANK","EQ","17-Jan-2017","        269.30","        269.50","        271.50","        265.50","        267.10","        268.40","        268.69","    6334601","          1702045478.75","      58374"
"ICICIBANK","EQ","18-Jan-2017","        268.40","        267.40","        272.10","        266.75","        268.00","        268.45","        269.57","    9168733","          2471581267.55","      57324"
"ICICIBANK","EQ","19-Jan-2017","        268.45","        268.80","        270.70","        266.20","        270.00","        269.70","        269.03","    7823352","          2104712363.45","      65190"
"ICICIBANK","EQ","20-Jan-2017","        269.70","        267.00","        267.95","        262.55","        262.85","        263.45","        264.59","   11097327","          2936208223.00","      71291"
"ICICIBANK","EQ","23-Jan-2017","        263.45","        261.80","        261.80","        255.15","        257.35","        257.55","        257.23","   39812153","         10240692906.85","      90101"
"ICICIBANK","EQ","24-Jan-2017","        257.55","        258.55","        258.55","        255.65","        257.65","        257.15","        257.56","   24109134","          6209600407.55","      75856"
"ICICIBANK","EQ","25-Jan-2017","        257.15","        259.00","        260.80","        255.60","        260.50","        259.95","        258.28","   37343712","          9645240094.80","     107406"
"ICICIBANK","EQ","27-Jan-2017","        259.95","        263.05","        274.00","        260.70","        271.80","        272.00","        266.23","   81303314","         21645175778.05","     170567"
"ICICIBANK","EQ","30-Jan-2017","        272.00","        273.00","        275.60","        269.70","        271.50","        270.80","        272.31","   15488611","          4217730948.75","      88281"
"ICICIBANK","EQ","31-Jan-2017","        270.80","        268.80","        274.00","        266.45","        268.05","        268.95","        269.55","   18668332","          5032088673.15","     112432"
"ICICIBANK","EQ","01-Feb-2017","        268.95","        265.85","        283.50","        262.80","        281.35","        281.00","        274.98","   40588493","         11160873143.00","     219534"
"ICICIBANK","EQ","02-Feb-2017","        281.00","        282.00","        287.50","        280.55","        283.55","        285.80","        285.14","   26282657","          7494357302.20","     154242"
"ICICIBANK","EQ","03-Feb-2017","        285.80","        284.95","        284.95","        278.80","        281.75","        281.55","        281.43","   18235397","          5131978591.50","     141574"
"ICICIBANK","EQ","06-Feb-2017","        281.55","        283.55","        292.25","        283.55","        290.30","        290.30","        289.55","   20474479","          5928471425.45","     121397"
"ICICIBANK","EQ","07-Feb-2017","        290.30","        288.00","        292.70","        285.30","        287.95","        288.10","        289.21","   11663002","          3373031010.60","      73488"
"ICICIBANK","EQ","08-Feb-2017","        288.10","        288.00","        288.50","        282.70","        286.80","        285.80","        286.05","   15148162","          4333197215.45","      98284"
"ICICIBANK","EQ","09-Feb-2017","        285.80","        286.60","        288.75","        278.60","        284.90","        285.00","        283.66","   15119258","          4288763429.90","     129726"
"ICICIBANK","EQ","10-Feb-2017","        285.00","        285.60","        286.15","        280.10","        281.95","        281.60","        283.08","   15246747","          4316038373.90","      83526"
"ICICIBANK","EQ","13-Feb-2017","        281.60","        282.50","        284.10","        279.55","        281.15","        281.65","        282.00","   11949486","          3369701633.90","      79087"
"ICICIBANK","EQ","14-Feb-2017","        281.65","        283.00","        285.90","        281.30","        285.05","        284.65","        283.25","   11717450","          3318935411.65","     105161"
"ICICIBANK","EQ","15-Feb-2017","        284.65","        285.20","        286.40","        278.60","        280.95","        280.75","        281.59","   13109769","          3691542663.00","      59772"
"ICICIBANK","EQ","16-Feb-2017","        280.75","        281.30","        281.45","        272.85","        279.00","        278.80","        277.74","   18416223","          5114967476.10","     166904"
"ICICIBANK","EQ","17-Feb-2017","        278.80","        279.70","        286.10","        275.85","        284.60","        283.00","        281.47","   25905766","          7291714185.00","     124459"
"ICICIBANK","EQ","20-Feb-2017","        283.00","        283.05","        286.15","        281.10","        282.00","        282.35","        283.07","    9043256","          2559860939.45","      62788"
"ICICIBANK","EQ","21-Feb-2017","        282.35","        283.00","        285.80","        281.20","        284.95","        284.80","        282.75","   10262388","          2901701350.70","      95774"
"ICICIBANK","EQ","22-Feb-2017","        284.80","        287.90","        287.90","        281.15","        285.55","        286.15","        284.80","   27988445","          7971247430.20","     113186"
"ICICIBANK","EQ","23-Feb-2017","        286.15","        284.70","        288.75","        282.05","        285.25","        284.50","        285.01","   23181054","          6606734300.05","     187038"
"ICICIBANK","EQ","27-Feb-2017","        284.50","        285.00","        285.55","        277.10","        279.35","        278.85","        281.61","   13670895","          3849795710.95","      77780"
"ICICIBANK","EQ","28-Feb-2017","        278.85","        278.95","        280.10","        275.70","        276.70","        276.35","        277.04","   16527127","          4578699369.65","      98978"
"ICICIBANK","EQ","01-Mar-2017","        276.35","        277.60","        280.95","        277.25","        278.90","        279.10","        279.50","   18166511","          5077595152.15","      61917"
"ICICIBANK","EQ","02-Mar-2017","        279.10","        282.05","        284.50","        277.00","        278.00","        278.65","        281.73","   18219027","          5132905190.25","     144935"
"ICICIBANK","EQ","03-Mar-2017","        278.65","        278.60","        278.90","        275.05","        276.25","        275.95","        276.10","    8414699","          2323313134.70","      76788"
"ICICIBANK","EQ","06-Mar-2017","        275.95","        275.95","        279.35","        275.50","        277.00","        276.75","        277.04","   11422782","          3164529339.00","      51015"
"ICICIBANK","EQ","07-Mar-2017","        276.75","        277.00","        279.25","        275.00","        275.50","        276.00","        276.52","    8287552","          2291701795.50","      49193"
"ICICIBANK","EQ","08-Mar-2017","        276.00","        276.20","        276.55","        272.10","        275.10","        274.40","        274.34","   11790681","          3234696513.10","     103376"
"ICICIBANK","EQ","09-Mar-2017","        274.40","        274.00","        275.95","        272.60","        273.50","        273.50","        273.99","   10588918","          2901217794.75","      70410"
"ICICIBANK","EQ","10-Mar-2017","        273.50","        275.15","        276.50","        269.40","        270.50","        270.55","        271.81","   14317483","          3891615533.05","      89824"
"ICICIBANK","EQ","14-Mar-2017","        270.55","        281.10","        288.20","        281.10","        286.70","        287.25","        285.42","   39532733","         11283270271.15","     231051"
"ICICIBANK","EQ","15-Mar-2017","        287.25","        285.90","        287.00","        284.10","        284.85","        285.15","        285.50","   12195315","          3481809837.20","      90750"
"ICICIBANK","EQ","16-Mar-2017","        285.15","        286.55","        287.45","        282.45","        284.10","        284.50","        284.75","    9738385","          2772981004.20","      86349"
"ICICIBANK","EQ","17-Mar-2017","        284.50","        286.10","        286.70","        279.65","        280.60","        280.60","        281.29","   22742094","          6397203440.35","     108315"
"ICICIBANK","EQ","20-Mar-2017","        280.60","        279.70","        279.70","        274.00","        275.20","        275.05","        275.06","   11048388","          3038921558.15","     101834"
"ICICIBANK","EQ","21-Mar-2017","        275.05","        276.00","        276.80","        271.10","        272.50","        272.05","        272.77","   14821888","          4042980447.20","     112723"
"ICICIBANK","EQ","22-Mar-2017","        272.05","        267.90","        268.75","        264.50","        265.20","        265.00","        266.78","   22303647","          5950110354.45","     134800"
"ICICIBANK","EQ","23-Mar-2017","        265.00","        266.50","        268.25","        264.80","        267.15","        266.95","        266.58","   12008658","          3201253002.30","      75592"
"ICICIBANK","EQ","24-Mar-2017","        266.95","        269.65","        276.85","        269.65","        275.55","        274.75","        274.56","   17479368","          4799172861.95","     108037"
"ICICIBANK","EQ","27-Mar-2017","        274.75","        280.00","        280.00","        272.20","        272.80","        273.15","        274.01","   11219670","          3074353333.50","      77098"
"ICICIBANK","EQ","28-Mar-2017","        273.15","        277.00","        277.55","        275.10","        276.70","        277.00","        276.50","   12621848","          3489934877.80","      75069"
"ICICIBANK","EQ","29-Mar-2017","        277.00","        278.95","        282.80","        276.65","        282.30","        282.20","        280.45","   17191675","          4821411473.70","      84577"
"ICICIBANK","EQ","30-Mar-2017","        282.20","        281.25","        283.25","        279.75","        281.00","        281.35","        281.58","   15039119","          4234769086.60","     116354"
"ICICIBANK","EQ","31-Mar-2017","        281.35","        280.35","        282.90","        275.70","        276.35","        276.85","        278.48","   17947183","          4997959446.05","      79199"
"ICICIBANK","EQ","03-Apr-2017","        276.85","        278.80","        287.40","        276.85","        286.65","        286.70","        283.72","   18590561","          5274435891.30","      85754"
"ICICIBANK","EQ","05-Apr-2017","        286.70","        286.50","        286.50","        282.90","        284.95","        284.85","        284.75","    9608663","          2736060993.35","      83961"
"ICICIBANK","EQ","06-Apr-2017","        284.85","        281.90","        283.70","        279.25","        280.20","        280.85","        281.30","   15468143","          4351247872.15","     130721"
"ICICIBANK","EQ","07-Apr-2017","        280.85","        280.10","        283.00","        275.75","        278.10","        277.35","        278.63","   17267311","          4811255155.35","      76529"
"ICICIBANK","EQ","10-Apr-2017","        277.35","        278.40","        279.00","        276.10","        277.70","        277.65","        277.71","    9450308","          2624486796.95","      50195"
"ICICIBANK","EQ","11-Apr-2017","        277.65","        278.30","        284.25","        276.75","        283.50","        283.65","        281.80","   12486156","          3518658469.00","      68513"
"ICICIBANK","EQ","12-Apr-2017","        283.65","        283.80","        285.95","        278.15","        280.70","        280.80","        281.58","   16593559","          4672485344.75","      96265"
"ICICIBANK","EQ","13-Apr-2017","        280.80","        280.30","        285.80","        279.40","        282.55","        282.80","        283.52","   13798932","          3912217977.95","      72340"
"ICICIBANK","EQ","17-Apr-2017","        282.80","        283.00","        285.70","        280.50","        282.35","        282.40","        283.08","    7500783","          2123336723.00","      37432"
"ICICIBANK","EQ","18-Apr-2017","        282.40","        283.40","        291.60","        282.55","        283.15","        283.40","        287.69","   17338202","          4988111440.35","     117437"
"ICICIBANK","EQ","19-Apr-2017","        283.40","        283.40","        285.00","        278.85","        280.55","        280.55","        281.48","   13808705","          3886934587.50","     114377"
"ICICIBANK","EQ","20-Apr-2017","        280.55","        274.95","        276.25","        271.80","        273.05","        272.75","        273.86","   29011173","          7944918351.05","     193863"
"ICICIBANK","EQ","21-Apr-2017","        272.75","        272.65","        273.80","        267.00","        269.05","        269.15","        269.87","   16514436","          4456724499.35","     129212"
"ICICIBANK","EQ","24-Apr-2017","        269.15","        269.80","        271.35","        265.20","        269.35","        268.65","        268.21","   22198371","          5953813402.60","     135077"
"ICICIBANK","EQ","25-Apr-2017","        268.65","        272.00","        273.30","        270.00","        272.55","        272.50","        271.86","   12441013","          3382222399.75","      92736"
"ICICIBANK","EQ","26-Apr-2017","        272.50","        274.00","        277.95","        273.00","        276.40","        276.90","        275.62","   13823109","          3809933711.35","     123099"
"ICICIBANK","EQ","27-Apr-2017","        276.90","        276.95","        277.05","        273.35","        274.55","        274.15","        274.96","   13554199","          3726895365.85","      81051"
"ICICIBANK","EQ","28-Apr-2017","        274.15","        273.50","        279.40","        272.90","        277.90","        278.50","        277.13","    8515909","          2359973917.70","      69228"
"ICICIBANK","EQ","02-May-2017","        278.50","        280.20","        280.85","        275.00","        276.20","        275.60","        276.44","   15254731","          4216956500.75","     102117"
"ICICIBANK","EQ","03-May-2017","        275.60","        275.90","        277.05","        271.25","        273.05","        272.75","        273.56","   22004724","          6019660187.80","     113967"
"ICICIBANK","EQ","04-May-2017","        272.75","        291.60","        299.75","        283.85","        297.55","        297.80","        294.65","  111019044","         32712096742.30","     475064"
"ICICIBANK","EQ","05-May-2017","        297.80","        300.00","        301.75","        294.45","        298.00","        298.55","        298.74","   43808474","         13087341442.35","     225134"
"ICICIBANK","EQ","08-May-2017","        298.55","        300.00","        308.15","        300.00","        302.05","        302.95","        305.03","   27588954","          8415513552.05","     193019"
"ICICIBANK","EQ","09-May-2017","        302.95","        304.30","        305.35","        298.40","        300.60","        300.60","        301.06","   13812893","          4158569655.90","     118449"
"ICICIBANK","EQ","10-May-2017","        300.60","        301.10","        302.65","        297.35","        298.90","        298.65","        300.19","   13686210","          4108521937.95","      81132"
"ICICIBANK","EQ","11-May-2017","        298.65","        301.70","        302.50","        299.55","        299.95","        300.20","        300.88","    9328299","          2806661045.80","      68980"
"ICICIBANK","EQ","12-May-2017","        300.20","        300.00","        300.55","        293.30","        296.95","        296.55","        296.69","   15095481","          4478646711.75","      94913"
"ICICIBANK","EQ","15-May-2017","        296.55","        299.50","        303.50","        298.20","        301.20","        301.80","        301.94","   15541542","          4692665331.45","     102949"
"ICICIBANK","EQ","16-May-2017","        301.80","        302.85","        305.90","        301.05","        302.80","        302.65","        303.03","   17790392","          5391073505.50","     104034"
"ICICIBANK","EQ","17-May-2017","        302.65","        305.60","        310.20","        304.50","        309.45","        309.75","        308.02","   21239714","          6542231959.55","     130728"
"ICICIBANK","EQ","18-May-2017","        309.75","        304.70","        312.85","        304.70","        307.50","        307.95","        308.51","   25230864","          7783886421.80","     173047"
"ICICIBANK","EQ","19-May-2017","        307.95","        307.90","        312.40","        303.70","        307.10","        307.05","        308.04","   15208154","          4684758667.25","     127032"
"ICICIBANK","EQ","22-May-2017","        307.05","        309.55","        311.55","        302.20","        302.95","        303.85","        306.55","   13500652","          4138561189.60","      96407"
"ICICIBANK","EQ","23-May-2017","        303.85","        303.15","        309.75","        302.80","        306.10","        306.05","        306.14","   27064561","          8285664366.35","     159021"
"ICICIBANK","EQ","24-May-2017","        306.05","        306.80","        309.65","        303.30","        306.70","        306.70","        306.44","   18642472","          5712784872.75","     133356"
"ICICIBANK","EQ","25-May-2017","        306.70","        306.35","        319.85","        306.00","        316.85","        317.70","        314.99","   37977888","         11962638743.30","     183993"
"ICICIBANK","EQ","26-May-2017","        317.70","        317.00","        323.00","        315.55","        319.10","        321.55","        320.39","   19396445","          6214477085.50","     156335"
"ICICIBANK","EQ","29-May-2017","        321.55","        319.25","        320.40","        313.80","        314.95","        314.90","        316.57","   10242416","          3242462533.70","     112534"
"ICICIBANK","EQ","30-May-2017","        314.90","        314.85","        324.50","        314.45","        321.50","        321.40","        321.36","   14157447","          4549596121.40","     133997"
"ICICIBANK","EQ","31-May-2017","        321.40","        323.00","        327.40","        318.65","        327.00","        326.45","        325.52","  116761345","         38007787115.40","     230126"
"ICICIBANK","EQ","01-Jun-2017","        326.45","        325.50","        325.65","        316.75","        319.90","        320.10","        321.21","   18075966","          5806150205.00","     118895"
"ICICIBANK","EQ","02-Jun-2017","        320.10","        322.00","        322.95","        315.65","        318.00","        318.15","        318.37","   12245022","          3898388272.65","      90718"
"ICICIBANK","EQ","05-Jun-2017","        318.15","        318.50","        321.65","        318.15","        319.55","        319.75","        320.03","    8937594","          2860320198.40","      67308"
"ICICIBANK","EQ","06-Jun-2017","        319.75","        320.55","        321.05","        317.70","        318.80","        318.95","        318.67","    9779283","          3116377940.75","      64327"
"ICICIBANK","EQ","07-Jun-2017","        318.95","        321.05","        325.95","        320.75","        324.95","        324.70","        323.82","   13705491","          4438156764.70","     144130"
"ICICIBANK","EQ","08-Jun-2017","        324.70","        325.90","        327.00","        319.50","        319.80","        320.20","        321.39","   18300293","          5881458048.80","      97471"
"ICICIBANK","EQ","09-Jun-2017","        320.20","        318.95","        323.10","        316.10","        322.00","        322.15","        320.38","    9263914","          2967941891.80","      55100"
"ICICIBANK","EQ","12-Jun-2017","        322.15","        320.00","        320.70","        314.85","        316.80","        315.75","        317.23","    9433558","          2992640215.25","      83057"
"ICICIBANK","EQ","13-Jun-2017","        315.75","        315.05","        318.70","        313.90","        314.50","        314.85","        316.63","    8459560","          2678520714.05","      79099"
"ICICIBANK","EQ","14-Jun-2017","        314.85","        319.10","        322.40","        315.40","        319.00","        319.05","        318.29","   20240274","          6442341597.85","     129097"
"ICICIBANK","EQ","15-Jun-2017","        319.05","        319.00","        319.40","        315.70","        316.35","        316.75","        317.27","   10187596","          3232247622.50","      80733"
"ICICIBANK","EQ","16-Jun-2017","        316.75","        318.45","        319.25","        315.65","        316.30","        316.50","        316.70","   21116941","          6687779244.80","     121024"
"ICICIBANK","EQ","19-Jun-2017","        316.50","        318.00","        321.70","        317.05","        320.75","        320.60","        318.93","    9745281","          3108092639.50","      79310"
"ICICIBANK","EQ","20-Jun-2017","        320.60","        290.75","        295.40","        288.00","        292.30","        292.45","        292.98","   16849368","          4936596049.55","     105710"
"ICICIBANK","EQ","21-Jun-2017","        292.45","        292.00","        292.65","        289.55","        291.00","        291.10","        291.21","    7142413","          2079973784.45","      66557"
"ICICIBANK","EQ","22-Jun-2017","        291.10","        291.50","        293.35","        288.25","        288.50","        289.60","        291.11","    9180870","          2672671653.10","      85537"
"ICICIBANK","EQ","23-Jun-2017","        289.60","        289.55","        293.55","        284.60","        290.50","        291.85","        289.62","   14937649","          4326243890.40","     117819"
"ICICIBANK","EQ","27-Jun-2017","        291.85","        293.00","        293.10","        283.45","        288.30","        287.90","        287.38","   18053262","          5188136897.70","     153308"
"ICICIBANK","EQ","28-Jun-2017","        287.90","        288.75","        293.30","        288.75","        289.95","        290.35","        290.98","   17157094","          4992441139.30","      94651"
"ICICIBANK","EQ","29-Jun-2017","        290.35","        291.50","        296.90","        290.10","        294.20","        293.25","        293.07","   34774280","         10191385696.80","     131089"
"ICICIBANK","EQ","30-Jun-2017","        293.25","        292.00","        292.00","        287.50","        290.00","        290.15","        289.75","   12435467","          3603150695.20","     137620"
"ICICIBANK","EQ","03-Jul-2017","        290.15","        291.40","        292.25","        288.75","        290.00","        290.05","        290.29","    6106230","          1772581518.45","      44448"
"ICICIBANK","EQ","04-Jul-2017","        290.05","        292.40","        292.80","        288.60","        289.30","        289.50","        290.55","    8335899","          2422027863.00","      68108"
"ICICIBANK","EQ","05-Jul-2017","        289.50","        290.00","        293.75","        288.50","        293.50","        292.85","        290.96","    6958589","          2024700490.30","      57821"
"ICICIBANK","EQ","06-Jul-2017","        292.85","        294.00","        295.10","        292.35","        293.10","        293.75","        293.83","    9967582","          2928792500.65","      88077"
"ICICIBANK","EQ","07-Jul-2017","        293.75","        293.50","        293.50","        289.20","        289.20","        289.70","        290.64","    8477468","          2463912163.30","      63754"
"ICICIBANK","EQ","10-Jul-2017","        289.70","        305.15","        305.15","        290.00","        291.90","        291.45","        291.61","    1371383","           399911897.95","      12669"
"ICICIBANK","EQ","11-Jul-2017","        291.45","        292.55","        292.95","        288.70","        289.60","        289.65","        290.17","   10893055","          3160885492.15","      77326"
"ICICIBANK","EQ","12-Jul-2017","        289.65","        289.70","        294.60","        288.60","        294.30","        292.35","        290.69","    8091465","          2352118448.75","      74472"
"ICICIBANK","EQ","13-Jul-2017","        292.35","        295.60","        299.50","        295.05","        297.55","        297.90","        297.60","   13747313","          4091153579.00","     106108"
"ICICIBANK","EQ","14-Jul-2017","        297.90","        299.40","        299.40","        294.50","        298.10","        298.25","        296.94","    6196683","          1840014994.50","      69732"
"ICICIBANK","EQ","17-Jul-2017","        298.25","        300.00","        304.55","        298.80","        303.25","        303.50","        302.53","   12506474","          3783536492.20","     114137"
"ICICIBANK","EQ","18-Jul-2017","        303.50","        301.75","        306.00","        301.50","        303.95","        303.90","        304.21","   11772154","          3581152957.70","      95985"
"ICICIBANK","EQ","19-Jul-2017","        303.90","        303.00","        304.90","        301.40","        302.50","        302.25","        303.08","   10780451","          3267347467.60","      79747"
"ICICIBANK","EQ","20-Jul-2017","        302.25","        302.00","        303.85","        299.75","        300.90","        300.60","        301.51","    8458004","          2550189199.95","      60270"
"ICICIBANK","EQ","21-Jul-2017","        300.60","        299.50","        303.90","        296.20","        303.00","        302.05","        300.04","    9705981","          2912139516.40","      74271"
"ICICIBANK","EQ","24-Jul-2017","        302.05","        302.20","        306.60","        301.60","        302.75","        303.05","        304.09","   15604131","          4745083882.95","     113155"
"ICICIBANK","EQ","25-Jul-2017","        303.05","        306.80","        306.80","        301.80","        304.00","        304.15","        303.95","   18129742","          5510618039.35","      66601"
"ICICIBANK","EQ","26-Jul-2017","        304.15","        306.80","        311.00","        304.55","        309.95","        310.35","        307.25","   26050717","          8004152487.20","     103420"
"ICICIBANK","EQ","27-Jul-2017","        310.35","        314.45","        314.45","        305.35","        308.60","        307.20","        309.62","   28535869","          8835417831.25","     108869"
"ICICIBANK","EQ","28-Jul-2017","        307.20","        304.00","        304.00","        293.85","        296.05","        296.15","        298.45","   30571846","          9124280272.80","     190090"
"ICICIBANK","EQ","31-Jul-2017","        296.15","        298.85","        306.45","        296.25","        302.80","        302.60","        302.80","   21526493","          6518136652.60","     122937"
"ICICIBANK","EQ","01-Aug-2017","        302.60","        303.90","        305.20","        301.40","        302.70","        302.60","        303.20","   10722862","          3251125210.60","      69942"
"ICICIBANK","EQ","02-Aug-2017","        302.60","        302.20","        304.45","        299.70","        299.70","        301.85","        302.71","    8348096","          2527064719.65","      58455"
"ICICIBANK","EQ","03-Aug-2017","        301.85","        301.35","        301.50","        294.55","        295.10","        295.70","        297.00","   14389817","          4273746900.40","      97267"
"ICICIBANK","EQ","04-Aug-2017","        295.70","        295.00","        297.50","        293.90","        296.80","        296.25","        295.80","   10099985","          2987604556.75","      79445"
"ICICIBANK","EQ","07-Aug-2017","        296.25","        297.25","        303.00","        296.70","        300.00","        300.15","        301.28","   11870705","          3576455612.60","      59478"
"ICICIBANK","EQ","08-Aug-2017","        300.15","        299.80","        301.55","        293.85","        295.95","        295.50","        296.94","   10288608","          3055108628.45","      87301"
"ICICIBANK","EQ","09-Aug-2017","        295.50","        294.40","        294.40","        289.85","        290.15","        290.60","        291.80","   12959158","          3781521934.00","     117397"
"ICICIBANK","EQ","10-Aug-2017","        290.60","        289.00","        293.40","        261.55","        291.00","        288.75","        288.02","   17225844","          4961403012.20","      99700"
"ICICIBANK","EQ","11-Aug-2017","        288.75","        283.95","        289.65","        280.30","        285.80","        286.95","        286.06","   17211539","          4923503073.65","     169997"
